Druid.name,Druid.value,Hunter.name,Hunter.value,Mage.name,Mage.value,Paladin.name,Paladin.value,Priest.name,Priest.value,Rogue.name,Rogue.value,Shaman.name,Shaman.value,Warlock.name,Warlock.value,Warrior.name,Warrior.value
Dr. Boom,96,Dr. Boom,100,Dr. Boom,96,Tirion Fordring,100,Dr. Boom,96,Dr. Boom,96,Dr. Boom,96,Dr. Boom,96,Dr. Boom,98
Ancient of War,96,Savannah Highmane,96,Kel'Thuzad,94,Dr. Boom,96,Cabal Shadow Priest,96,Kel'Thuzad,94,Kel'Thuzad,94,Chromaggus,94,Kel'Thuzad,94
Volcanic Lumberer,96,Kel'Thuzad,94,Ragnaros the Firelord,94,Coghammer,96,Ragnaros the Firelord,94,Ragnaros the Firelord,94,Ragnaros the Firelord,94,Kel'Thuzad,94,Ragnaros the Firelord,94
Kel'Thuzad,94,Ragnaros the Firelord,94,Onyxia,94,Muster for Battle,96,Onyxia,94,Onyxia,94,Onyxia,94,Ragnaros the Firelord,94,Onyxia,94
Ragnaros the Firelord,94,King Krush,94,Emperor Thaurissan,90,Kel'Thuzad,94,Vol'jin,90,Dark Iron Skulker,94,Earth Elemental,94,Onyxia,94,Gorehowl,92
Onyxia,94,Onyxia,94,Ysera,90,Ragnaros the Firelord,94,Emperor Thaurissan,90,Emperor Thaurissan,90,Fire Elemental,94,Sunwalker,94,Emperor Thaurissan,90
Cenarius,92,Emperor Thaurissan,90,Cairne Bloodhoof,88,Onyxia,94,Kel'Thuzad,90,Ysera,90,Emperor Thaurissan,90,Hogger,92,Ysera,90
Ancient of Lore,92,Ysera,90,Fireball,88,Aldor Peacekeeper,94,Ysera,90,SI:7 Agent,90,Ysera,90,Alexstrasza,92,Cairne Bloodhoof,88
Swipe,92,Explosive Shot,90,Flamestrike,88,Sea Giant,92,Cairne Bloodhoof,88,Sunwalker,90,Sea Giant,90,Mal'Ganis,92,Baron Geddon,88
Emperor Thaurissan,90,Glaivezooka,90,The Black Knight,86,Emperor Thaurissan,90,Power Word: Shield,88,Cairne Bloodhoof,88,Lightning Storm,90,Bane of Doom,92,Fiery War Axe,88
Ysera,90,Cairne Bloodhoof,88,Piloted Sky Golem,86,Ysera,90,The Black Knight,86,Hogger,88,Fireguard Destroyer,90,Imp-losion,92,The Black Knight,86
Cairne Bloodhoof,88,The Black Knight,86,Sea Giant,86,Truesilver Champion,90,Piloted Sky Golem,86,Alexstrasza,88,Cairne Bloodhoof,88,Emperor Thaurissan,90,Piloted Sky Golem,86
Sylvanas Windrunner,86,Baron Geddon,86,Sunwalker,86,Cairne Bloodhoof,88,Sea Giant,86,The Black Knight,86,Hogger,88,Ysera,90,Sea Giant,86
The Black Knight,86,Piloted Sky Golem,86,Hogger,84,Hogger,86,Sunwalker,86,Piloted Sky Golem,86,Neptulon,88,Siphon Soul,90,Frothing Berserker,86
Piloted Sky Golem,86,Gladiator's Longbow,86,Baron Geddon,84,The Black Knight,86,Dark Cultist,86,Sea Giant,86,Hex,88,Imp Gang Boss,90,Sunwalker,86
Sea Giant,86,Sea Giant,86,Sylvanas Windrunner,84,Piloted Sky Golem,86,Temple Enforcer,86,Backstab,86,The Black Knight,86,Cairne Bloodhoof,88,Arathi Weaponsmith,86
Azure Drake,86,Argent Commander,86,Archmage Antonidas,84,Sunwalker,86,Hogger,84,Eviscerate,86,Piloted Sky Golem,86,Deathwing,88,Hogger,84
Sunwalker,86,Sylvanas Windrunner,84,Chromaggus,84,Sylvanas Windrunner,84,Baron Geddon,84,Baron Geddon,84,Powermace ,86,Sludge Belcher,88,Sylvanas Windrunner,84
Hogger,84,Chromaggus,84,Foe Reaper 4000,84,Chromaggus,84,Sylvanas Windrunner,84,Sylvanas Windrunner,84,Sunwalker,86,The Black Knight,86,Chromaggus,84
Baron Geddon,84,Foe Reaper 4000,84,Sneed's Old Shredder,84,Foe Reaper 4000,84,Chromaggus,84,Trade Prince Gallywix,84,Sylvanas Windrunner,84,Piloted Sky Golem,86,Foe Reaper 4000,84
Chromaggus,84,Sneed's Old Shredder,84,Azure Drake,84,Sneed's Old Shredder,84,Foe Reaper 4000,84,Chromaggus,84,Al'Akir the Windlord,84,Sea Giant,86,Sneed's Old Shredder,84
Foe Reaper 4000,84,Piloted Shredder,84,Argent Commander,84,Deathwing,84,Sneed's Old Shredder,84,Foe Reaper 4000,84,Chromaggus,84,Sylvanas Windrunner,84,Argent Commander,84
Sneed's Old Shredder,84,Gahz'rilla,82,Blizzard,84,Argent Commander,84,Argent Commander,84,Sneed's Old Shredder,84,Foe Reaper 4000,84,Foe Reaper 4000,84,Piloted Shredder,84
Deathwing,84,Hogger,82,Piloted Shredder,84,Consecration,84,Velen's Chosen,84,Azure Drake,84,Sneed's Old Shredder,84,Sneed's Old Shredder,84,Grommash Hellscream,82
Argent Commander,84,Nefarian,82,Nefarian,82,Piloted Shredder,84,Piloted Shredder,84,Sludge Belcher,84,Azure Drake,84,Defender of Argus,84,Nefarian,82
Piloted Shredder,84,Deathwing,82,Deathwing,82,Nefarian,82,Holy Nova,84,Argent Commander,84,Argent Commander,84,Argent Commander,84,Deathwing,82
Nefarian,82,Eaglehorn Bow,82,Bomb Lobber,82,Azure Drake,82,Nefarian,82,Piloted Shredder,84,Piloted Shredder,84,Piloted Shredder,84,Crush,82
Keeper of the Grove,82,Azure Drake,82,Troggzor the Earthinator,80,Bomb Lobber,82,Deathwing,82,Toshley,82,Nefarian,82,Lord Jaraxxus,82,Azure Drake,82
Bomb Lobber,82,Bomb Lobber,82,Alexstrasza,80,Troggzor the Earthinator,80,Auchenai Soulpriest,82,Nefarian,82,Deathwing,82,Nefarian,82,Bomb Lobber,82
Troggzor the Earthinator,80,Sunwalker,82,Fel Reaver,80,Alexstrasza,80,Azure Drake,82,Deathwing,82,Bomb Lobber,82,Bomb Lobber,82,Death's Bite,82
Alexstrasza,80,Troggzor the Earthinator,80,Sludge Belcher,80,Fel Reaver,80,Bomb Lobber,82,Bomb Lobber,82,Troggzor the Earthinator,80,Troggzor the Earthinator,80,Troggzor the Earthinator,80
Fel Reaver,80,Fel Reaver,80,Water Elemental,80,Sludge Belcher,80,Troggzor the Earthinator,80,Edwin VanCleef,80,Alexstrasza,80,Azure Drake,80,Alexstrasza,80
Sludge Belcher,80,Stampeding Kodo,80,Toshley,78,Argent Protector,80,Shade of Naxxramas,80,Troggzor the Earthinator,80,Fel Reaver,80,Doomguard,80,Fel Reaver,80
Stampeding Kodo,80,Toshley,78,Stampeding Kodo,78,Shielded Minibot,80,Fel Reaver,80,Sabotage,80,Defender of Argus,80,Dread Infernal,80,Sludge Belcher,80
Druid of the Claw,80,Feugen,76,Feugen,76,Toshley,78,Shadow Madness,80,Fel Reaver,80,Sludge Belcher,80,Toshley,78,Toshley,78
Toshley,78,Mekgineer Thermaplugg,76,Pyroblast,76,Defender of Argus,78,Sludge Belcher,80,Defender of Argus,80,Toshley,78,Fel Reaver,78,Stampeding Kodo,78
Druid of the Flame,78,Sludge Belcher,76,Defender of Argus,76,Stampeding Kodo,78,Toshley,78,Goblin Auto-Barber,80,Stampeding Kodo,78,Stampeding Kodo,78,Feugen,76
Feugen,76,Animal Companion,76,Flamecannon,76,Feugen,76,Alexstrasza,78,Stampeding Kodo,78,Stormforged Axe,78,Sen'jin Shieldmasta,78,Defender of Argus,76
Defender of Argus,76,Dark Iron Dwarf,76,Frostbolt,76,Mekgineer Thermaplugg,76,Stampeding Kodo,78,Deadly Poison,78,Dark Iron Dwarf,78,Feugen,76,Dark Iron Dwarf,76
Wrath,76,Silver Hand Knight,76,Dark Iron Dwarf,76,Dark Iron Dwarf,76,Northshire Cleric,78,Mechanical Yeti,78,Silver Hand Knight,78,Baron Geddon,76,Arcanite Reaper,76
Dark Iron Dwarf,76,Drakonid Crusher,76,Mekgineer Thermaplugg,74,Silver Hand Knight,76,Feugen,76,Assassinate,78,Feugen,76,Shadowflame,76,Mekgineer Thermaplugg,74
Ironbark Protector,76,Steamwheedle Sniper,74,Knife Juggler,74,Stormwind Champion,76,Lightbomb,76,Feugen,76,Mekgineer Thermaplugg,76,Dark Iron Dwarf,76,Knife Juggler,74
Mekgineer Thermaplugg,74,Knife Juggler,74,Polymorph,74,Baron Geddon,74,Defender of Argus,76,Dark Iron Dwarf,76,Knife Juggler,76,Illidan Stormrage,74,Chillwind Yeti,74
Knife Juggler,74,Haunted Creeper,74,Chillwind Yeti,74,Avenging Wrath,74,Shadow Word: Pain,76,Mekgineer Thermaplugg,74,Doomhammer,74,Mekgineer Thermaplugg,74,Mechanical Yeti,74
Mech-Bear-Cat,74,Unleash the Hounds,74,Mechanical Yeti,74,Knife Juggler,74,Dark Iron Dwarf,76,Molten Giant,74,Rockbiter Weapon,74,Molten Giant,74,Silver Hand Knight,74
Chillwind Yeti,74,Chillwind Yeti,74,Silver Hand Knight,74,Blessing of Kings,74,Mekgineer Thermaplugg,74,Knife Juggler,74,Chillwind Yeti,74,Knife Juggler,74,Mogor the Ogre,72
Mechanical Yeti,74,Mechanical Yeti,74,Mogor the Ogre,72,Chillwind Yeti,74,Knife Juggler,74,Zombie Chow,74,Mechanical Yeti,74,Demonwrath,74,Madder Bomber,72
Silver Hand Knight,74,Maexxna,72,Spider Tank,72,Mechanical Yeti,74,Shadow Word: Death,74,Chillwind Yeti,74,Stormwind Champion,74,Chillwind Yeti,74,Spider Tank,72
Starfire,74,Mogor the Ogre,72,Drakonid Crusher,72,Sword of Justice,72,Chillwind Yeti,74,Sen'jin Shieldmasta,74,Mogor the Ogre,72,Mechanical Yeti,74,Drakonid Crusher,72
Mogor the Ogre,72,Alexstrasza,72,Maexxna,70,Equality,72,Mechanical Yeti,74,Silver Hand Knight,74,Feral Spirit,72,Silver Hand Knight,74,Maexxna,70
Starfall,72,Shade of Naxxramas,72,Shade of Naxxramas,70,Spider Tank,72,Silver Hand Knight,74,Spiteful Smith,74,Flametongue Totem,72,Mogor the Ogre,72,Shade of Naxxramas,70
Spider Tank,72,Defender of Argus,72,Zombie Chow,70,Cult Master,72,Mogor the Ogre,72,Captain Greenskin,72,Spider Tank,72,Mortal Coil,72,Zombie Chow,70
Drakonid Crusher,72,Quick Shot,72,Harvest Golem,70,Drakonid Crusher,72,Shrinkmeister,72,Mogor the Ogre,72,Drakonid Crusher,72,Spider Tank,72,Cleave,70
Maexxna,70,Spider Tank,72,Hungry Dragon,70,Maexxna,70,Spider Tank,72,Spider Tank,72,Maexxna,70,Fen Creeper,72,Cruel Taskmaster,70
Shade of Naxxramas,70,Stranglethorn Tiger,72,Sen'jin Shieldmasta,70,Mogor the Ogre,70,Drakonid Crusher,72,Hungry Dragon,72,Shade of Naxxramas,70,Drakonid Crusher,72,Harvest Golem,70
Zombie Chow,70,Snake Trap,70,Boulderfist Ogre,70,Shade of Naxxramas,70,Maexxna,70,Drakonid Crusher,72,Imp Master,70,Maexxna,70,Hungry Dragon,70
Anodized Robo Cub,70,Harvest Golem,70,Stormwind Champion,70,Lay on Hands,70,Zombie Chow,70,Illidan Stormrage,70,Lightning Bolt,70,Shade of Naxxramas,70,Kor'kron Elite,70
Harvest Golem,70,Hungry Dragon,70,Gruul,68,Zombie Chow,70,Harvest Golem,70,Maexxna,70,Zombie Chow,70,Twilight Drake,70,Sen'jin Shieldmasta,70
Hungry Dragon,70,Boulderfist Ogre,70,Mind Control Tech,68,Harvest Golem,70,Hungry Dragon,70,Shade of Naxxramas,70,Harvest Golem,70,Zombie Chow,70,Boulderfist Ogre,70
Sen'jin Shieldmasta,70,Stormwind Champion,70,Madder Bomber,68,Hammer of Wrath,70,Sen'jin Shieldmasta,70,Defias Ringleader,70,Shattered Sun Cleric,70,Darkbomb,70,Stormwind Champion,70
Boulderfist Ogre,70,King Mukla,68,Scarlet Crusader,68,Hungry Dragon,70,Stranglethorn Tiger,70,Harvest Golem,70,Hungry Dragon,70,Harvest Golem,70,Gruul,68
Stormwind Champion,70,Illidan Stormrage,68,Shattered Sun Cleric,68,Sen'jin Shieldmasta,70,Boulderfist Ogre,70,Boulderfist Ogre,70,Sen'jin Shieldmasta,70,Hungry Dragon,70,Mind Control Tech,68
Malorne,68,Gruul,68,Cult Master,68,Shattered Sun Cleric,70,Gruul,68,Stormwind Champion,70,Boulderfist Ogre,70,Floating Watcher,70,Shieldmaiden,68
Gruul,68,Imp Master,68,Spectral Knight,68,Boulderfist Ogre,70,Imp Master,68,Gruul,68,Illidan Stormrage,68,Boulderfist Ogre,70,Mad Bomber,68
Dark Wispers,68,Mind Control Tech,68,Loatheb,66,Illidan Stormrage,68,Mind Control Tech,68,Mind Control Tech,68,Gruul,68,Stormwind Champion,70,Scarlet Crusader,68
Mind Control Tech,68,Madder Bomber,68,Illidan Stormrage,66,Gruul,68,Madder Bomber,68,Perdition's Blade,68,Mind Control Tech,68,King Mukla,68,Shattered Sun Cleric,68
Madder Bomber,68,Zombie Chow,68,Imp Master,66,Imp Master,68,Holy Fire,68,Violet Teacher,68,Violet Teacher,68,Gruul,68,Cult Master,68
Nourish,68,Deadly Shot,68,Goblin Blastmage,66,Mind Control Tech,68,Scarlet Crusader,68,Madder Bomber,68,Madder Bomber,68,Pit Lord,68,Spectral Knight,68
Power of the Wild,68,Kill Command,68,Twilight Drake,66,Violet Teacher,68,Shattered Sun Cleric,68,Scarlet Crusader,68,Haunted Creeper,68,Imp Master,68,Spiteful Smith,68
Scarlet Crusader,68,Scarlet Crusader,68,Violet Teacher,66,Madder Bomber,68,Stormwind Champion,68,Shattered Sun Cleric,68,Scarlet Crusader,68,Mind Control Tech,68,Captain Greenskin,66
Shattered Sun Cleric,68,Shattered Sun Cleric,68,Mad Bomber,66,Scarlet Crusader,68,Loatheb,66,Cult Master,68,Cult Master,68,Madder Bomber,68,Loatheb,66
Cult Master,68,Cult Master,68,Ogre Brute,66,Spectral Knight,68,Illidan Stormrage,66,Fen Creeper,68,Spectral Knight,68,Earthen Ring Farseer,68,Illidan Stormrage,66
Spectral Knight,68,Spectral Knight,68,Stranglethorn Tiger,66,Loatheb,66,Twilight Drake,66,Spectral Knight,68,Loatheb,66,Scarlet Crusader,68,Imp Master,66
Stranglethorn Tiger,68,Loatheb,66,King Mukla,64,Twilight Drake,66,Violet Teacher,66,Loatheb,66,Twilight Drake,66,Shattered Sun Cleric,68,Twilight Drake,66
Loatheb,66,Twilight Drake,66,Blood Knight,64,Dragon Consort,66,Mad Bomber,66,Imp Master,66,Crackle,66,Voidcaller,68,Violet Teacher,66
Illidan Stormrage,66,Violet Teacher,66,Mana Wyrm,64,Haunted Creeper,66,Earthen Ring Farseer,66,Twilight Drake,66,Mad Bomber,66,Spectral Knight,68,Execute,66
Imp Master,66,Webspinner,66,Acidic Swamp Ooze,64,Mad Bomber,66,Ogre Brute,66,Bloodsail Raider,66,Ogre Brute,66,Loatheb,66,Bloodsail Raider,66
Twilight Drake,66,Mad Bomber,66,Haunted Creeper,64,Ogre Brute,66,Spellbreaker,66,Mad Bomber,66,Spellbreaker,66,Violet Teacher,66,Slam,66
Violet Teacher,66,Ogre Brute,66,Earthen Ring Farseer,64,Spellbreaker,66,Mind Control,66,Earthen Ring Farseer,66,Stranglethorn Tiger,66,Flame Imp,66,Ogre Brute,66
Haunted Creeper,66,Spellbreaker,66,Spellbreaker,64,Stranglethorn Tiger,66,King Mukla,64,Fan of Knives,66,King Mukla,64,Soulfire,66,Spellbreaker,66
Mad Bomber,66,Sen'jin Shieldmasta,66,Fen Creeper,64,Volcanic Drake,66,Blood Knight,64,Ogre Brute,66,Baron Geddon,64,Mad Bomber,66,Stranglethorn Tiger,66
Ogre Brute,66,Blood Knight,64,Volcanic Drake,64,Guardian of Kings,66,Light of the Naaru,64,Stranglethorn Tiger,66,Blood Knight,64,Ogre Brute,66,King Mukla,64
King Mukla,64,Acidic Swamp Ooze,64,Big Game Hunter,62,King Mukla,64,Shadowboxer,64,King Mukla,64,Lava Burst,64,Spellbreaker,66,Blood Knight,64
Blood Knight,64,Multi-Shot,64,Echo of Medivh,62,Blood Knight,64,Worgen Infiltrator,64,Blood Knight,64,Mana Tide Totem,64,Stranglethorn Tiger,66,Acidic Swamp Ooze,64
Force of Nature,64,Volcanic Drake,64,Amani Berserker,62,Emperor Cobra,64,Acidic Swamp Ooze,64,Blade Flurry,64,Forked Lightning,64,Blood Knight,64,Haunted Creeper,64
Acidic Swamp Ooze,64,Big Game Hunter,62,Mechwarper,62,Acidic Swamp Ooze,64,Haunted Creeper,64,Worgen Infiltrator,64,Acidic Swamp Ooze,64,Arcane Nullifier X-21,64,Earthen Ring Farseer,64
Earthen Ring Farseer,64,Emperor Cobra,62,Sorcerer's Apprentice,62,Earthen Ring Farseer,64,Cult Master,64,Acidic Swamp Ooze,64,Earthen Ring Farseer,64,Acidic Swamp Ooze,64,Fen Creeper,64
Spellbreaker,64,Worgen Infiltrator,62,Snowchugger,62,Fen Creeper,64,Lightspawn,64,Haunted Creeper,64,Fen Creeper,64,Haunted Creeper,64,Volcanic Drake,64
Fen Creeper,64,Houndmaster,62,Harrison Jones,60,Frostwolf Warlord,64,Fen Creeper,64,Spellbreaker,64,Volcanic Drake,64,Volcanic Drake,64,Big Game Hunter,62
Volcanic Drake,64,Harrison Jones,60,Flame Leviathan,60,Big Game Hunter,62,Volcanic Drake,64,Volcanic Drake,64,Big Game Hunter,62,Big Game Hunter,62,Molten Giant,62
Big Game Hunter,62,Faceless Manipulator,60,Faceless Manipulator,60,Mechwarper,62,Prophet Velen,62,Patient Assassin,62,Mechwarper,62,Emperor Cobra,62,Amani Berserker,62
Emperor Cobra,62,Arcane Shot,60,Unstable Portal,60,Solemn Vigil,62,Big Game Hunter,62,Big Game Hunter,62,Frostwolf Warlord,62,Cult Master,62,Harrison Jones,60
Recycle,62,Gilblin Stalker,60,Emperor Cobra,60,Harrison Jones,60,Injured Blademaster,62,Betrayal,62,Harrison Jones,60,Hellfire,62,Faceless Manipulator,60
Mechwarper,62,Loot Hoarder,60,Kirin Tor Mage,60,Faceless Manipulator,60,Upgraded Repair Bot,62,Mechwarper,62,Faceless Manipulator,60,Faceless Manipulator,60,Emperor Cobra,60
Harrison Jones,60,Earthen Ring Farseer,60,Worgen Infiltrator,60,Scarlet Purifier,60,Gilblin Stalker,62,Harrison Jones,60,Emperor Cobra,60,Worgen Infiltrator,60,Siege Engine,60
Faceless Manipulator,60,Fen Creeper,60,Loot Hoarder,60,Worgen Infiltrator,60,Spectral Knight,62,Faceless Manipulator,60,Worgen Infiltrator,60,Shadow Bolt,60,Worgen Infiltrator,60
Claw,60,Frost Elemental,60,Acolyte of Pain,60,Loot Hoarder,60,Harrison Jones,60,Emperor Cobra,60,Loot Hoarder,60,Antique Healbot,60,Battle Rage,60
Worgen Infiltrator,60,Force-Tank MAX,60,Frost Elemental,60,Frost Elemental,60,Faceless Manipulator,60,Arcane Nullifier X-21,60,Unbound Elemental,60,Frost Elemental,60,Loot Hoarder,60
Loot Hoarder,60,Hemet Nesingwary,58,Force-Tank MAX,60,Force-Tank MAX,60,Emperor Cobra,60,Ogre Ninja,60,Frost Elemental,60,Force-Tank MAX,60,Frost Elemental,60
Frost Elemental,60,The Beast,58,Hemet Nesingwary,58,Hemet Nesingwary,58,Holy Smite,60,Loot Hoarder,60,Force-Tank MAX,60,Harrison Jones,58,Force-Tank MAX,60
Force-Tank MAX,60,Malygos,58,Malygos,58,Malygos,58,Loot Hoarder,60,Frost Elemental,60,Hemet Nesingwary,58,Hemet Nesingwary,58,Hemet Nesingwary,58
Hemet Nesingwary,58,Recombobulator,58,Recombobulator,58,Recombobulator,58,Frost Elemental,60,Force-Tank MAX,60,Malygos,58,Malygos,58,Malygos,58
Malygos,58,Amani Berserker,58,Gilblin Stalker,58,Quartermaster,58,Force-Tank MAX,60,Hemet Nesingwary,58,Recombobulator,58,Recombobulator,58,Recombobulator,58
Recombobulator,58,Mechwarper,58,Arcane Intellect,58,Amani Berserker,58,Hemet Nesingwary,58,Malygos,58,Lava Shock,58,Mistress of Pain,58,Brawl,58
Amani Berserker,58,Jungle Panther,58,Burly Rockjaw Trogg,58,Gilblin Stalker,58,Malygos,58,Recombobulator,58,Amani Berserker,58,Amani Berserker,58,Commanding Shout,58
Gilblin Stalker,58,Burly Rockjaw Trogg,58,Frostwolf Warlord,58,Burly Rockjaw Trogg,58,Recombobulator,58,Amani Berserker,58,Gilblin Stalker,58,Gilblin Stalker,58,Gilblin Stalker,58
Burly Rockjaw Trogg,58,Frostwolf Warlord,58,Flamewaker,56,Injured Blademaster,56,Lightwarden,58,Gilblin Stalker,58,Whirling Zap-o-matic,58,Mechwarper,58,Mechwarper,58
Frostwolf Warlord,58,Injured Blademaster,56,Injured Blademaster,56,Arcane Nullifier X-21,56,Wild Pyromancer,58,Anub'ar Ambusher,58,Burly Rockjaw Trogg,58,Burly Rockjaw Trogg,58,Acolyte of Pain,58
The Beast,56,Hunter's Mark,56,Arcane Nullifier X-21,56,Bloodsail Raider,56,Amani Berserker,58,Burly Rockjaw Trogg,58,Injured Blademaster,56,Darkscale Healer,58,Burly Rockjaw Trogg,58
Injured Blademaster,56,Tracking,56,Faerie Dragon,56,Faerie Dragon,56,Mechwarper,58,Frostwolf Warlord,58,Arcane Nullifier X-21,56,Frostwolf Warlord,58,Frostwolf Warlord,58
Grove Tender,56,Faerie Dragon,56,Micro Machine,56,Micro Machine,56,Burly Rockjaw Trogg,58,Sprint,58,Earth Shock,56,Sunfury Protector,56,Wild Pyromancer,56
Arcane Nullifier X-21,56,Freezing Trap,56,Gnomish Inventor,56,Gnomish Inventor,56,Darkscale Healer,58,Injured Blademaster,56,Faerie Dragon,56,Injured Blademaster,56,Injured Blademaster,56
Faerie Dragon,56,Micro Machine,56,Dragon's Breath,56,Spiteful Smith,56,Micro Machine,56,Questing Adventurer,56,Micro Machine,56,Blood Imp,56,Arcane Nullifier X-21,56
Micro Machine,56,Gnomish Inventor,56,The Beast,54,Captain Greenskin,54,Jungle Panther,56,Master of Disguise,56,Gnomish Inventor,56,Power Overwhelming,56,Mortal Strike,56
Gnomish Inventor,56,Spiteful Smith,56,Wild Pyromancer,54,The Beast,54,Thoughtsteal,56,Faerie Dragon,56,Spiteful Smith,56,Annoy-o-Tron,56,Faerie Dragon,56
Bloodmage Thalnos,54,Wild Pyromancer,54,Stonesplinter Trogg,54,Sunfury Protector,54,Dragonkin Sorcerer,56,Micro Machine,56,Captain Greenskin,54,Faerie Dragon,56,Micro Machine,56
Molten Giant,54,Gnomish Experimenter,54,Raging Worgen,54,Wild Pyromancer,54,Gnomish Inventor,56,Sap,56,The Beast,54,Loot Hoarder,56,Gnomish Inventor,56
Wild Pyromancer,54,Abusive Sergeant,54,Darkscale Healer,54,Avenge,54,Frostwolf Warlord,56,Shiv,56,Sunfury Protector,54,Micro Machine,56,The Beast,54
Innervate,54,Bloodfen Raptor,54,Spiteful Smith,54,Blessing of Wisdom,54,The Beast,54,Gnomish Inventor,56,Wild Pyromancer,54,Lord of the Arena,56,Stonesplinter Trogg,54
Stonesplinter Trogg,54,Bloodsail Raider,54,Venture Co. Mercenary,54,Dire Wolf Alpha,54,Crazed Alchemist,54,Darkscale Healer,56,Dire Wolf Alpha,54,The Beast,54,Raging Worgen,54
Jungle Panther,54,Dire Wolf Alpha,54,Leeroy Jenkins,52,Stonesplinter Trogg,54,Ravenholdt Assassin,54,The Beast,54,Stonesplinter Trogg,54,Wild Pyromancer,54,Warsong Commander,54
Darkscale Healer,54,River Crocolisk,54,Sunfury Protector,52,Dragonkin Sorcerer,54,Faerie Dragon,54,Sunfury Protector,54,Darkscale Healer,54,Abusive Sergeant,54,Darkscale Healer,54
Spiteful Smith,54,Stonesplinter Trogg,54,Questing Adventurer,52,Stormwind Knight,54,Stonesplinter Trogg,54,Wild Pyromancer,54,Venture Co. Mercenary,54,Demonfire,54,Stormpike Commando,54
Venture Co. Mercenary,54,Razorfen Hunter,54,Jungle Panther,52,Darkscale Healer,54,Spiteful Smith,54,Gnomish Experimenter,54,Tinkmaster Overspark,52,Stonesplinter Trogg,54,Venture Co. Mercenary,54
Archmage,54,Lost Tallstrider,54,Stormwind Knight,52,Stormpike Commando,54,Venture Co. Mercenary,54,Abusive Sergeant,54,Molten Giant,52,Ironfur Grizzly,54,Upgrade!,52
Leeroy Jenkins,52,Venture Co. Mercenary,54,Gurubashi Berserker,52,Venture Co. Mercenary,54,Young Priestess,52,Southsea Deckhand,54,Gnomish Experimenter,52,Spiteful Smith,54,Sunfury Protector,52
Sunfury Protector,52,Leeroy Jenkins,52,Stormpike Commando,52,Tinkmaster Overspark,52,Resurrect,52,Stonesplinter Trogg,54,Questing Adventurer,52,Venture Co. Mercenary,54,Questing Adventurer,52
Questing Adventurer,52,Sunfury Protector,52,Archmage,52,Gnomish Experimenter,52,Sunfury Protector,52,Tinkertown Technician,54,Abusive Sergeant,52,Demonheart,52,Jungle Panther,52
Bloodfen Raptor,52,Questing Adventurer,52,Bloodmage Thalnos,50,Questing Adventurer,52,Questing Adventurer,52,Tinker's Sharpsword Oil,54,Bloodsail Raider,52,Questing Adventurer,52,Stormwind Knight,52
Dire Wolf Alpha,52,Arcane Nullifier X-21,52,Tinkmaster Overspark,50,Light's Justice,52,Arcane Nullifier X-21,52,Venture Co. Mercenary,54,Acolyte of Pain,52,Jungle Panther,52,Tinkmaster Overspark,50
River Crocolisk,52,Core Rager,52,Crazed Alchemist,50,Acolyte of Pain,52,Acolyte of Pain,52,Leeroy Jenkins,52,Jungle Panther,52,Raging Worgen,52,Crazed Alchemist,50
Acolyte of Pain,52,King of Beasts,52,Gnomish Experimenter,50,Jungle Panther,52,Raging Worgen,52,Annoy-o-Tron,52,Raging Worgen,52,Gnomish Inventor,52,Gnomish Experimenter,50
Raging Worgen,52,Ravenholdt Assassin,52,Soot Spewer,50,Raging Worgen,52,Stormwind Knight,52,Acolyte of Pain,52,Razorfen Hunter,52,Stormwind Knight,52,Abomination,50
Savage Roar,52,Bluegill Warrior,52,Ravenholdt Assassin,50,Razorfen Hunter,52,Stormpike Commando,52,Jungle Panther,52,Stormwind Knight,52,Stormpike Commando,52,Ravenholdt Assassin,50
Dragonkin Sorcerer,52,Acolyte of Pain,52,Abusive Sergeant,50,Bolvar Fordragon,50,Tinkmaster Overspark,50,Raging Worgen,52,Stormpike Commando,52,Archmage,52,Abusive Sergeant,50
Lost Tallstrider,52,Raging Worgen,52,Bloodfen Raptor,50,Crazed Alchemist,50,Leeroy Jenkins,50,Stormwind Knight,52,Archmage,52,Bloodmage Thalnos,50,Elven Archer,50
Stormwind Knight,52,Wolfrider,52,Bloodsail Raider,50,Illuminator,50,Gnomish Experimenter,50,Antique Healbot,52,Bloodmage Thalnos,50,Tinkmaster Overspark,50,Bloodfen Raptor,50
Stormpike Commando,52,Stormwind Knight,52,Bluegill Warrior,50,Ravenholdt Assassin,50,Mind Vision,50,Assassin's Blade,52,Echoing Ooze,50,Crazed Alchemist,50,Bluegill Warrior,50
Tinkmaster Overspark,50,Darkscale Healer,52,Dire Wolf Alpha,50,Abusive Sergeant,50,Abusive Sergeant,50,Stormpike Commando,52,Crazed Alchemist,50,Gnomish Experimenter,50,Dire Wolf Alpha,50
Crazed Alchemist,50,Stormpike Commando,52,Novice Engineer,50,Bloodfen Raptor,50,Bloodfen Raptor,50,Archmage,52,Ravenholdt Assassin,50,Fel Cannon,50,Novice Engineer,50
Gnomish Experimenter,50,Tinkmaster Overspark,50,Puddlestomper,50,Bluegill Warrior,50,Bloodsail Raider,50,Lord of the Arena,52,Bloodfen Raptor,50,Ravenholdt Assassin,50,Puddlestomper,50
Bite,50,Captain Greenskin,50,River Crocolisk,50,Novice Engineer,50,Bluegill Warrior,50,Bloodmage Thalnos,50,Bluegill Warrior,50,Elven Archer,50,River Crocolisk,50
Ravenholdt Assassin,50,Crazed Alchemist,50,Ship's Cannon,50,Puddlestomper,50,Dire Wolf Alpha,50,Tinkmaster Overspark,50,Novice Engineer,50,Voidwalker,50,Ship's Cannon,50
Abusive Sergeant,50,Elven Archer,50,Blackwing Technician,50,River Crocolisk,50,Novice Engineer,50,Crazed Alchemist,50,Puddlestomper,50,Bloodfen Raptor,50,Blackwing Technician,50
Bloodsail Raider,50,Novice Engineer,50,Mirror Entity,50,Seal of Light,50,Puddlestomper,50,Ravenholdt Assassin,50,River Crocolisk,50,Bloodsail Raider,50,Wolfrider,50
Bluegill Warrior,50,Puddlestomper,50,Tinkertown Technician,50,Ship's Cannon,50,River Crocolisk,50,Bloodfen Raptor,50,Ship's Cannon,50,Bluegill Warrior,50,Dragonkin Sorcerer,50
Mark of the Wild,50,Ship's Cannon,50,Wolfrider,50,Blackwing Technician,50,Ship's Cannon,50,Bluegill Warrior,50,Blackwing Technician,50,Dire Wolf Alpha,50,Lost Tallstrider,50
Novice Engineer,50,Blackwing Technician,50,Dragonkin Sorcerer,50,Tinkertown Technician,50,Blackwing Technician,50,Dire Wolf Alpha,50,Tinkertown Technician,50,Puddlestomper,50,Archmage,50
Puddlestomper,50,Dragonkin Sorcerer,50,Lost Tallstrider,50,Wolfrider,50,Wolfrider,50,Novice Engineer,50,Wolfrider,50,River Crocolisk,50,Leeroy Jenkins,48
Ship's Cannon,50,Oasis Snapjaw,50,Majordomo Executus,48,Lost Tallstrider,50,Lost Tallstrider,50,Puddlestomper,50,Dragonkin Sorcerer,50,Ship's Cannon,50,Majordomo Executus,48
Blackwing Technician,50,Archmage,50,Molten Giant,48,Archmage,50,Archmage,50,River Crocolisk,50,Lost Tallstrider,50,Blackwing Technician,50,Revenge,48
Razorfen Hunter,50,Majordomo Executus,48,Illuminator,48,Leeroy Jenkins,48,Majordomo Executus,48,Ship's Cannon,50,Bloodlust,50,Wolfrider,50,Annoy-o-Tron,48
Tinkertown Technician,50,Echoing Ooze,48,Annoy-o-Tron,48,Majordomo Executus,48,Echoing Ooze,48,Blackwing Technician,50,Leeroy Jenkins,48,Dragonkin Sorcerer,50,Youthful Brewmaster,48
Wolfrider,50,Molten Giant,48,Mad Scientist,48,Echoing Ooze,48,Molten Giant,48,Ironfur Grizzly,50,Majordomo Executus,48,Lost Tallstrider,50,Flesheating Ghoul,48
Ogre Magi,50,Arcane Golem,48,Youthful Brewmaster,48,Molten Giant,48,Deathlord,48,Wolfrider,50,Ancestral Spirit,48,Leeroy Jenkins,48,Razorfen Hunter,48
Majordomo Executus,48,Metaltooth Leaper,48,Flesheating Ghoul,48,Annoy-o-Tron,48,Annoy-o-Tron,48,Dragonkin Sorcerer,50,Gadgetzan Auctioneer,48,Majordomo Executus,48,Lord of the Arena,48
Annoy-o-Tron,48,Illuminator,48,Razorfen Hunter,48,Murloc Tidehunter,48,Youthful Brewmaster,48,Lost Tallstrider,50,Annoy-o-Tron,48,Lil' Exorcist,48,Blingtron 3000,46
Youthful Brewmaster,48,Leper Gnome,48,Cone of Cold,48,Youthful Brewmaster,48,Razorfen Hunter,48,Majordomo Executus,48,Murloc Tidehunter,48,Youthful Brewmaster,48,Echoing Ooze,46
Flesheating Ghoul,48,Youthful Brewmaster,48,Ogre Magi,48,Flesheating Ghoul,48,Lord of the Arena,48,Deathlord,48,Youthful Brewmaster,48,Drain Life,48,Kezan Mystic,46
Ironfur Grizzly,48,Flesheating Ghoul,48,Lord of the Arena,48,Lord of the Arena,48,Bloodmage Thalnos,46,Gadgetzan Auctioneer,48,Flesheating Ghoul,48,Flesheating Ghoul,48,Heroic Strike,46
Lord of the Arena,48,Bloodmage Thalnos,46,Blingtron 3000,46,Bloodmage Thalnos,46,Blingtron 3000,46,Clockwork Gnome,48,Ogre Magi,48,Razorfen Hunter,48,Unstable Ghoul,46
Blingtron 3000,46,Blingtron 3000,46,Echoing Ooze,46,Blingtron 3000,46,Shadowform,46,Elven Archer,48,Lord of the Arena,48,Ogre Magi,48,Ironfur Grizzly,46
Echoing Ooze,46,Kezan Mystic,46,Counterspell,46,Kezan Mystic,46,Kezan Mystic,46,Youthful Brewmaster,48,Blingtron 3000,46,Blingtron 3000,46,Tinkertown Technician,46
Mini-Mage,46,Clockwork Gnome,46,Kezan Mystic,46,Blessing of Might,46,Elven Archer,46,Flesheating Ghoul,48,Gazlowe,46,Echoing Ooze,46,Ancient Brewmaster,46
Kezan Mystic,46,Murloc Tidehunter,46,Arcane Missiles,46,Elven Archer,46,Flesheating Ghoul,46,Razorfen Hunter,48,Nerubian Egg,46,Kezan Mystic,46,Ogre Magi,46
Elven Archer,46,Ironfur Grizzly,46,Elven Archer,46,Redemption,46,Ironfur Grizzly,46,Ogre Magi,48,Kezan Mystic,46,Clockwork Gnome,46,Blackwing Corruptor,46
Mark of Nature,46,Tinkertown Technician,46,Arcane Explosion,46,Ironfur Grizzly,46,Tinkertown Technician,46,Blingtron 3000,46,Elven Archer,46,Acolyte of Pain,46,Gurubashi Berserker,46
Ancient Brewmaster,46,Ancient Brewmaster,46,Explosive Sheep,46,Ancient Brewmaster,46,Ancient Brewmaster,46,Echoing Ooze,46,Ironfur Grizzly,46,Tinkertown Technician,46,War Golem,46
Blackwing Corruptor,46,Ogre Magi,46,Ironfur Grizzly,46,Ogre Magi,46,Ogre Magi,46,Kezan Mystic,46,Ancient Brewmaster,46,Ancient Brewmaster,46,Bloodmage Thalnos,44
War Golem,46,Blackwing Corruptor,46,Ancient Brewmaster,46,Blackwing Corruptor,46,Blackwing Corruptor,46,Ancient Brewmaster,46,Blackwing Corruptor,46,Blackwing Corruptor,46,Mimiron's Head,44
Mimiron's Head,44,Tundra Rhino,46,Blackwing Corruptor,46,War Golem,46,War Golem,46,Blackwing Corruptor,46,War Golem,46,War Golem,46,Iron Juggernaut,44
Pint-Sized Summoner,44,War Golem,46,War Golem,46,Mimiron's Head,44,Mimiron's Head,44,War Golem,46,Mimiron's Head,44,Mimiron's Head,44,Southsea Captain,44
Arcane Golem,44,Mimiron's Head,44,Mimiron's Head,44,Pint-Sized Summoner,44,Mini-Mage,44,Mimiron's Head,44,Pint-Sized Summoner,44,Young Priestess,44,Pint-Sized Summoner,44
Deathlord,44,Mini-Mage,44,Pint-Sized Summoner,44,Arcane Golem,44,Pint-Sized Summoner,44,Southsea Captain,44,Arcane Golem,44,Pint-Sized Summoner,44,Arcane Golem,44
Goblin Sapper,44,Young Priestess,44,Arcane Golem,44,Deathlord,44,Arcane Golem,44,Young Priestess,44,Deathlord,44,Arcane Golem,44,Deathlord,44
Illuminator,44,Pint-Sized Summoner,44,Deathlord,44,Goblin Sapper,44,Goblin Sapper,44,Pint-Sized Summoner,44,Goblin Sapper,44,Deathlord,44,Goblin Sapper,44
Wailing Soul,44,Goblin Sapper,44,Goblin Sapper,44,Wailing Soul,44,Illuminator,44,Arcane Golem,44,Illuminator,44,Goblin Sapper,44,Illuminator,44
Murloc Tidehunter,44,Wailing Soul,44,Wailing Soul,44,Holy Wrath,44,Wailing Soul,44,Goblin Sapper,44,Antique Healbot,44,Illuminator,44,Wailing Soul,44
Oasis Snapjaw,44,Argent Squire,44,Murloc Tidehunter,44,Noble Sacrifice,44,Divine Spirit,44,Illuminator,44,Gurubashi Berserker,44,Void Terror,44,Inner Rage,44
Antique Healbot,44,Annoy-o-Tron,44,Duplicate,44,Antique Healbot,44,Murloc Tidehunter,44,Lil' Exorcist,44,Southsea Captain,42,Wailing Soul,44,Southsea Deckhand,44
Druid of the Fang,44,Mad Scientist,44,Antique Healbot,44,Gurubashi Berserker,44,Gurubashi Berserker,44,Wailing Soul,44,Mini-Mage,42,Argent Squire,44,Whirlwind,44
Gurubashi Berserker,44,Scavenging Hyena,44,Southsea Captain,42,Southsea Captain,42,Southsea Captain,42,Abomination,44,Demolisher,42,Murloc Tidehunter,44,Murloc Tidehunter,44
Southsea Captain,42,Nightblade,44,Mini-Mage,42,Demolisher,42,Demolisher,42,Argent Squire,44,Clockwork Gnome,42,Gurubashi Berserker,44,Shield Block,44
Nerubian Egg,42,Gurubashi Berserker,44,Demolisher,42,Clockwork Gnome,42,Abomination,42,Murloc Tidehunter,44,Unstable Ghoul,42,Southsea Captain,42,Antique Healbot,44
Demolisher,42,Lord of the Arena,44,Vaporize,42,Humility,42,Clockwork Gnome,42,Dread Corsair,44,Oasis Snapjaw,42,Mini-Mage,42,Demolisher,42
Abomination,42,Reckless Rocketeer,44,Abomination,42,Mad Scientist,42,Oasis Snapjaw,42,Gurubashi Berserker,44,Silvermoon Guardian,42,Demolisher,42,Clockwork Gnome,42
Clockwork Gnome,42,Southsea Captain,42,Clockwork Gnome,42,Oasis Snapjaw,42,Reckless Rocketeer,42,Mini-Mage,42,Reckless Rocketeer,42,Felguard,42,Dread Corsair,42
Wild Growth,42,Demolisher,42,Mirror Image,42,Silvermoon Guardian,42,Gazlowe,40,Demolisher,42,Far Sight,40,Abomination,42,Oasis Snapjaw,42
Silvermoon Guardian,42,Silvermoon Guardian,42,Oasis Snapjaw,42,Reckless Rocketeer,42,Murloc Warleader,40,Iron Sensei,42,Murloc Warleader,40,Novice Engineer,42,Silvermoon Guardian,42
Reckless Rocketeer,42,Murloc Warleader,40,Silvermoon Guardian,42,Gazlowe,40,Lil' Exorcist,40,Cold Blood,42,Young Priestess,40,Unstable Ghoul,42,Reckless Rocketeer,42
Murloc Warleader,40,Deathlord,40,Reckless Rocketeer,42,Murloc Warleader,40,Mass Dispel,40,Oasis Snapjaw,42,Lil' Exorcist,40,Oasis Snapjaw,42,Murloc Warleader,40
Young Priestess,40,Abomination,40,Murloc Warleader,40,Mini-Mage,40,Argent Squire,40,Silvermoon Guardian,42,Wailing Soul,40,Silvermoon Guardian,42,Mini-Mage,40
Lil' Exorcist,40,Ironbeak Owl,40,Young Priestess,40,Young Priestess,40,Unstable Ghoul,40,Reckless Rocketeer,42,Argent Squire,40,Reckless Rocketeer,42,Young Priestess,40
Moonfire,40,Dragonling Mechanic,40,Lil' Exorcist,40,Nerubian Egg,40,Silvermoon Guardian,40,Murloc Warleader,40,Dragonling Mechanic,40,Gazlowe,40,Armorsmith,40
Argent Squire,40,Nozdormu,38,Grim Patron,40,Divine Favor,40,Nozdormu,38,Unstable Ghoul,40,Nozdormu,38,Murloc Warleader,40,Lil' Exorcist,40
Nozdormu,38,Flare,38,Argent Squire,40,Lil' Exorcist,40,Gadgetzan Auctioneer,38,Nozdormu,38,Vitality Totem,38,Mountain Giant,40,Argent Squire,40
Gadgetzan Auctioneer,38,Gadgetzan Auctioneer,38,Nozdormu,38,Argent Squire,40,Ironbeak Owl,38,Stalagg,36,Frost Shock,38,Booty Bay Bodyguard,40,Nozdormu,38
Ironbeak Owl,38,Stonetusk Boar,38,Nerubian Egg,38,Hand of Protection,40,Stalagg,36,Kidnapper,36,Ironbeak Owl,38,Nozdormu,38,Gadgetzan Auctioneer,38
Soul of the Forest,38,Explosive Trap,38,Gadgetzan Auctioneer,38,Dragonling Mechanic,40,Nerubian Egg,36,Nerubian Egg,36,Windspeaker,38,Gadgetzan Auctioneer,38,Ironbeak Owl,38
Stalagg,36,Snipe,38,Unstable Ghoul,38,Nozdormu,38,Silence,36,Ironbeak Owl,36,Stalagg,36,Ironbeak Owl,38,Stalagg,36
Kobold Geomancer,36,Stalagg,36,Stalagg,36,Abomination,38,Dragonling Mechanic,36,Dragonling Mechanic,36,Abomination,36,Sense Demons,38,Shield Slam,36
Unstable Ghoul,36,Bestial Wrath,36,Spellbender,36,Gadgetzan Auctioneer,38,Antique Healbot,36,Booty Bay Bodyguard,36,Salty Dog,36,Mogu'shan Warden,38,Bouncing Blade,36
Dragonling Mechanic,36,Nerubian Egg,36,Dragonling Mechanic,36,Ironbeak Owl,38,Salty Dog,36,Salty Dog,36,Enhance-o Mechano,34,Priestess of Elune,38,Nerubian Egg,36
Salty Dog,36,Lil' Exorcist,36,Salty Dog,36,Stalagg,36,Mountain Giant,34,Gazlowe,34,Mountain Giant,34,Stalagg,36,Screwjank Clunker,36
Gazlowe,34,Antique Healbot,36,Mountain Giant,34,Enhance-o Mechano,36,Circle of Healing,34,Mountain Giant,34,Dunemaul Shaman,34,Twisting Nether,36,Explosive Sheep,36
Mountain Giant,34,Salty Dog,36,Ironbeak Owl,34,Cobalt Guardian,36,Inner Fire,34,Stonetusk Boar,34,Kobold Geomancer,34,Nerubian Egg,36,Ogre Warmaul,36
Nerub'ar Weblord,34,Gazlowe,34,Kobold Geomancer,34,Salty Dog,36,Jeeves,32,Explosive Sheep,34,Jeeves,32,Frostwolf Grunt,36,Dragonling Mechanic,36
Jeeves,32,Mountain Giant,34,Jeeves,32,Mountain Giant,34,Frostwolf Grunt,32,Frostwolf Grunt,34,Frostwolf Grunt,32,Dragonling Mechanic,36,Ironforge Rifleman,36
Stonetusk Boar,32,Misdirection,34,Frostwolf Grunt,32,Unstable Ghoul,34,Dancing Swords,32,Kobold Geomancer,34,Dancing Swords,32,Salty Dog,36,Salty Dog,36
Frostwolf Grunt,32,Unstable Ghoul,34,Dancing Swords,32,Jeeves,32,Booty Bay Bodyguard,32,Mogu'shan Warden,34,Booty Bay Bodyguard,32,Stonetusk Boar,34,Gazlowe,34
Dancing Swords,32,Call Pet,32,Ice Barrier,32,Frostwolf Grunt,32,Millhouse Manastorm,30,Priestess of Elune,34,Millhouse Manastorm,30,Voodoo Doctor,34,Mountain Giant,34
Booty Bay Bodyguard,32,Jeeves,32,Frost Nova,32,Kobold Geomancer,32,Baron Rivendare,30,Jeeves,32,Baron Rivendare,30,Kobold Geomancer,34,Rampage,34
Millhouse Manastorm,30,Southsea Deckhand,32,Booty Bay Bodyguard,32,Dancing Swords,32,Captain Greenskin,30,Voodoo Doctor,32,Mana Wraith,30,Dancing Swords,34,Jeeves,32
Baron Rivendare,30,Dancing Swords,32,Millhouse Manastorm,30,Booty Bay Bodyguard,32,Shadowbomber,30,Gnomeregan Infantry,32,Ancestral Healing,30,Gnomeregan Infantry,34,Warbot,32
Captain Greenskin,30,Windfury Harpy,32,Baron Rivendare,30,Millhouse Manastorm,30,Mindgames,30,Dancing Swords,32,Stonetusk Boar,30,Tauren Warrior,32,Frostwolf Grunt,32
Enhance-o Mechano,30,Millhouse Manastorm,30,Captain Greenskin,30,Baron Rivendare,30,Mana Wraith,30,Millhouse Manastorm,30,Nerub'ar Weblord,30,Millhouse Manastorm,30,Dancing Swords,32
Mana Wraith,30,Baron Rivendare,30,Gazlowe,30,Mana Wraith,30,Stonetusk Boar,30,Baron Rivendare,30,Windfury,30,Baron Rivendare,30,Booty Bay Bodyguard,32
Naturalize,30,Enhance-o Mechano,30,Enhance-o Mechano,30,Blessed Champion,30,Explosive Sheep,30,Enhance-o Mechano,30,Gnomeregan Infantry,30,Captain Greenskin,30,Millhouse Manastorm,30
Explosive Sheep,30,Mana Wraith,30,Wee Spellstopper,30,Repentance ,30,Kobold Geomancer,30,Mana Wraith,30,Mogu'shan Warden,30,Enhance-o Mechano,30,Baron Rivendare,30
Gnomeregan Infantry,30,Explosive Sheep,30,Mana Wraith,30,Stonetusk Boar,30,Nerub'ar Weblord,30,Conceal,30,Nightblade,30,Corruption,30,Enhance-o Mechano,30
Healing Touch,30,Frostwolf Grunt,30,Stonetusk Boar,30,Holy Light,30,Gnomeregan Infantry,30,Leper Gnome,30,Priestess of Elune,30,Leper Gnome,30,Mana Wraith,30
Mogu'shan Warden,30,Kobold Geomancer,30,Nerub'ar Weblord,30,Nerub'ar Weblord,30,Mogu'shan Warden,30,Nerub'ar Weblord,30,Windfury Harpy,30,Explosive Sheep,30,Stonetusk Boar,30
Poison Seeds,30,Nerub'ar Weblord,30,Gnomeregan Infantry,30,Gnomeregan Infantry,30,Nightblade,30,Nightblade,30,Southsea Deckhand,28,Nerub'ar Weblord,30,Kobold Geomancer,30
Nightblade,30,Gnomeregan Infantry,30,Mogu'shan Warden,30,Mogu'shan Warden,30,Windfury Harpy,30,Windfury Harpy,30,Ironforge Rifleman,28,Succubus,30,Nerub'ar Weblord,30
Priestess of Elune,30,Cobra Shot,30,Nightblade,30,Nightblade,30,Enhance-o Mechano,28,Ironforge Rifleman,28,Core Hound,28,Nightblade,30,Charge,30
Windfury Harpy,30,Starving Buzzard,30,Priestess of Elune,30,Priestess of Elune,30,Voodoo Doctor,28,Tauren Warrior,28,Leper Gnome,26,Windfury Harpy,30,Gnomeregan Infantry,30
Core Hound,30,Core Hound,30,Windfury Harpy,30,Windfury Harpy,30,Ironforge Rifleman,28,Core Hound,28,Voodoo Doctor,26,Target Dummy,28,Mogu'shan Warden,30
Ironforge Rifleman,28,Hobgoblin,28,Hobgoblin,28,Southsea Deckhand,28,Core Hound,28,Cogmaster,26,Explosive Sheep,26,Ironforge Rifleman,28,Nightblade,30
Leper Gnome,26,Voodoo Doctor,28,Ironforge Rifleman,28,Ironforge Rifleman,28,Hobgoblin,26,Mad Scientist,26,Mad Scientist,26,Core Hound,28,Priestess of Elune,30
Voodoo Doctor,26,Ironforge Rifleman,28,Tauren Warrior,28,Core Hound,28,Leper Gnome,26,Doomsayer,24,Doomsayer,24,Anima Golem,26,Windfury Harpy,30
Mad Scientist,26,Booty Bay Bodyguard,28,Core Hound,28,Leper Gnome,26,Mad Scientist,26,Cogmaster's Wrench,24,Tauren Warrior,24,Mad Scientist,26,Tauren Warrior,28
Doomsayer,24,Mogu'shan Warden,26,Leper Gnome,26,Voodoo Doctor,26,Priestess of Elune,26,Target Dummy,24,Nat Pagle,22,Doomsayer,24,Core Hound,28
Tauren Warrior,24,Priestess of Elune,26,Voodoo Doctor,26,Explosive Sheep,26,Doomsayer,24,Murloc Raider,24,Hobgoblin,22,Hobgoblin,24,Leper Gnome,26
Nat Pagle,22,Hungry Crab,24,Doomsayer,24,Doomsayer,24,Twilight Whelp,24,Nat Pagle,22,Cogmaster,22,Mana Wraith,24,Voodoo Doctor,26
Hobgoblin,22,Doomsayer,24,Nat Pagle,22,Raid Leader,24,Tauren Warrior,24,Hobgoblin,22,Rend Blackhand,20,Jeeves,24,Mad Scientist,26
Cogmaster,22,Cogmaster,24,Cogmaster,22,Tauren Warrior,24,Nat Pagle,22,Rend Blackhand,20,Clockwork Giant,20,Cogmaster,24,Doomsayer,24
Rend Blackhand,20,Murloc Raider,24,Rend Blackhand,20,Nat Pagle,22,Rend Blackhand,20,Clockwork Giant,20,Target Dummy,20,Murloc Raider,24,Nat Pagle,22
Clockwork Giant,20,Timber Wolf,24,Ice Block,20,Hobgoblin,22,Clockwork Giant,20,Bloodsail Corsair,18,Murloc Raider,20,Southsea Deckhand,24,Hobgoblin,22
Target Dummy,20,Nat Pagle,22,Clockwork Giant,20,Cogmaster,22,Target Dummy,20,Preparation,16,Raid Leader,20,Nat Pagle,22,Rend Blackhand,20
Murloc Raider,20,Rend Blackhand,20,Target Dummy,20,Rend Blackhand,20,Cogmaster,20,Hungry Crab,16,Dread Corsair,18,Rend Blackhand,20,Clockwork Giant,20
Southsea Deckhand,20,Clockwork Giant,20,Murloc Raider,20,Clockwork Giant,20,Murloc Raider,20,Ancient Mage,16,Master Swordsmith,16,Clockwork Giant,20,Target Dummy,20
Ancient Mage,18,Tauren Warrior,20,Southsea Deckhand,20,Target Dummy,20,Southsea Deckhand,20,Shadowstep,16,Ancient Mage,16,Bloodsail Corsair,18,Grim Patron,20
Raid Leader,16,Target Dummy,18,Ethereal Arcanist,18,Murloc Raider,20,Ancient Mage,16,Goldshire Footman,16,Bloodsail Corsair,14,Shieldbearer,18,Cogmaster,20
Hungry Crab,14,Dread Corsair,18,Ice Lance,18,Dread Corsair,20,Bloodsail Corsair,14,Shieldbearer,16,Dalaran Mage,14,Ancient Mage,16,Murloc Raider,20
Bloodsail Corsair,14,Bloodsail Corsair,16,Ancient Mage,16,Secretkeeper,16,Lightwell,14,Undertaker,16,Lorewalker Cho,12,Goldshire Footman,16,Axe Flinger,18
Master Swordsmith,14,Secretkeeper,16,Raid Leader,16,Bloodsail Corsair,14,Master Swordsmith,14,Raid Leader,16,Hungry Crab,12,Undertaker,16,Raid Leader,16
Dalaran Mage,14,Undertaker,16,Bloodsail Corsair,14,Master Swordsmith,14,Raid Leader,14,Master Swordsmith,14,Mana Addict,12,Raid Leader,16,Bloodsail Corsair,14
Lorewalker Cho,12,Raid Leader,16,Master Swordsmith,14,Ancient Mage,14,Lorewalker Cho,12,One-eyed Cheat,14,Coldlight Oracle,12,Summoning Portal,16,Master Swordsmith,14
Mana Addict,12,Master Swordsmith,14,Lorewalker Cho,12,Lorewalker Cho,12,Hungry Crab,12,Dalaran Mage,14,Undertaker,12,Master Swordsmith,14,Lorewalker Cho,12
Coldlight Oracle,12,Ancient Mage,14,Hungry Crab,12,Hungry Crab,12,Mana Addict,12,Lorewalker Cho,12,Reincarnate,12,Lorewalker Cho,12,Hungry Crab,12
Undertaker,12,Lorewalker Cho,12,Mana Addict,12,Mana Addict,12,Coldlight Oracle,12,Mana Addict,12,Lightwarden,10,Hungry Crab,12,Mana Addict,12
Savagery,10,Mana Addict,12,Coldlight Oracle,12,Coldlight Oracle,12,Undertaker,12,Coldlight Oracle,12,Coldlight Seer,10,Mana Addict,12,Coldlight Oracle,12
Coldlight Seer,10,Coldlight Oracle,12,Undertaker,12,Undertaker,12,Coldlight Seer,10,Wisp,12,Grim Patron,10,Wisp,12,Ancient Mage,12
Grim Patron,10,Wisp,12,Dalaran Mage,12,Dalaran Mage,12,Grim Patron,10,Lightwarden,10,Shieldbearer,10,Dalaran Mage,12,Undertaker,12
Shieldbearer,10,Feign Death,10,Dragon Egg,10,Coldlight Seer,10,Shieldbearer,10,Coldlight Seer,10,Magma Rager,10,Silverback Patriarch,12,Coldlight Seer,10
Magma Rager,10,Lightwarden,10,Secretkeeper,10,Grim Patron,10,Magma Rager,10,Grim Patron,10,Siltfin Spiritwalker,8,Lightwarden,10,Shieldbearer,10
Dread Corsair,10,Coldlight Seer,10,Coldlight Seer,10,Shieldbearer,10,Dread Corsair,10,Sinister Strike,10,Goldshire Footman,8,Coldlight Seer,10,Magma Rager,10
Goldshire Footman,8,Grim Patron,10,Shieldbearer,10,Magma Rager,10,Goldshire Footman,8,Magma Rager,10,Flying Machine,8,Grim Patron,10,Dragon Egg,8
Flying Machine,8,Goldshire Footman,10,Magma Rager,10,Goldshire Footman,8,Dalaran Mage,8,Vanish,10,Thrallmar Farseer,8,Magma Rager,10,Goldshire Footman,8
Thrallmar Farseer,8,Young Dragonhawk,10,Dread Corsair,10,Flying Machine,8,Flying Machine,8,Dragon Egg,8,Alarm-o-Bot,6,Dread Corsair,10,Dalaran Mage,8
Lightwarden,6,Magma Rager,10,Goldshire Footman,8,Thrallmar Farseer,8,Thrallmar Farseer,8,Secretkeeper,8,Totemic Might,6,Dragon Egg,8,Flying Machine,8
Alarm-o-Bot,6,Thrallmar Farseer,10,Flying Machine,8,Lightwarden,6,Alarm-o-Bot,6,Flying Machine,8,Wisp,6,Secretkeeper,8,Thrallmar Farseer,8
Wisp,6,Angry Chicken,8,Thrallmar Farseer,8,Alarm-o-Bot,6,Wisp,6,Silverback Patriarch,8,Junkbot,4,Flying Machine,8,Lightwarden,6
Junkbot,4,Dragon Egg,8,Lightwarden,6,Wisp,6,Junkbot,4,Thrallmar Farseer,8,Dragon Egg,4,Thrallmar Farseer,8,Alarm-o-Bot,6
Tree of Life,4,Shieldbearer,8,Alarm-o-Bot,6,Junkbot,4,Dragon Egg,4,Alarm-o-Bot,6,Secretkeeper,4,Alarm-o-Bot,6,Wisp,6
Dragon Egg,4,Flying Machine,8,Wisp,6,Dragon Egg,4,Secretkeeper,4,Junkbot,4,Dust Devil,4,Coldlight Oracle,6,Junkbot,4
Secretkeeper,4,Dalaran Mage,8,Junkbot,4,Eye for an Eye,4,Silverback Patriarch,4,Angry Chicken,4,Silverback Patriarch,4,Junkbot,4,Secretkeeper,4
Silverback Patriarch,4,Alarm-o-Bot,6,Silverback Patriarch,4,Silverback Patriarch,4,Ancient Watcher,2,Murloc Tidecaller,4,Ancient Watcher,2,Angry Chicken,4,Silverback Patriarch,4
Angry Chicken,2,Junkbot,4,Ancient Watcher,2,Ancient Watcher,2,Mind Blast,2,Headcrack,4,Stoneskin Gargoyle,2,Murloc Tidecaller,4,Ancient Watcher,2
Ancient Watcher,2,Murloc Tidecaller,4,Stoneskin Gargoyle,2,Stoneskin Gargoyle,2,Stoneskin Gargoyle,2,Grimscale Oracle,4,Angry Chicken,1,Grimscale Oracle,4,Stoneskin Gargoyle,2
Young Dragonhawk,2,Grimscale Oracle,4,Angry Chicken,1,Angry Chicken,1,Angry Chicken,1,Young Dragonhawk,4,Murloc Tidecaller,1,Young Dragonhawk,4,Angry Chicken,1
Stoneskin Gargoyle,2,Silverback Patriarch,4,Murloc Tidecaller,1,Murloc Tidecaller,1,Murloc Tidecaller,1,Ancient Watcher,2,Grimscale Oracle,1,Ancient Watcher,2,Murloc Tidecaller,1
Murloc Tidecaller,1,Ancient Watcher,2,Grimscale Oracle,1,Grimscale Oracle,1,Grimscale Oracle,1,Gang Up,2,Young Dragonhawk,1,Sacrificial Pact,2,Grimscale Oracle,1
Grimscale Oracle,1,Stoneskin Gargoyle,2,Young Dragonhawk,1,Young Dragonhawk,1,Young Dragonhawk,1,Stoneskin Gargoyle,2,Ancestor's Call,0,Stoneskin Gargoyle,2,Young Dragonhawk,1
